File Type,Category,Subcategory,Image,Annotation
Train,Biodegradeable,Paper,paper cup 2.jpg,paper cup 2.xml
Train,Biodegradeable,Paper,paper129.jpg,paper129.xml
Train,Biodegradeable,Paper,IMG_20241124_163342.jpg,IMG_20241124_163342.xml
Train,Biodegradeable,Paper,paper417.jpg,paper417.xml
Train,Biodegradeable,Paper,paper204.jpg,paper204.xml
Train,Biodegradeable,Paper,paper203.jpg,paper203.xml
Train,Biodegradeable,Paper,IMG_20241124_163241.jpg,IMG_20241124_163241.xml
Train,Biodegradeable,Paper,IMG_20241124_163204.jpg,IMG_20241124_163204.xml
Train,Biodegradeable,Paper,IMG20230115104458.jpg,IMG20230115104458.xml
Train,Biodegradeable,Paper,paper536.jpg,paper536.xml
Train,Biodegradeable,Paper,IMG_20241124_163003.jpg,IMG_20241124_163003.xml
Train,Biodegradeable,Paper,paper104.jpg,paper104.xml
Train,Biodegradeable,Paper,paper167.jpg,paper167.xml
Train,Biodegradeable,Paper,IMG_20241028_154522.jpg,IMG_20241028_154522.xml
Train,Biodegradeable,Paper,IMG_20241124_163001.jpg,IMG_20241124_163001.xml
Train,Biodegradeable,Paper,paper287.jpg,paper287.xml
Train,Biodegradeable,Paper,paper546.jpg,paper546.xml
Train,Biodegradeable,Paper,paper168.jpg,paper168.xml
Train,Biodegradeable,Paper,paper98.jpg,paper98.xml
Train,Biodegradeable,Paper,IMG20230115110354.jpg,IMG20230115110354.xml
Train,Biodegradeable,Paper,IMG_20241124_163143.jpg,IMG_20241124_163143.xml
Train,Biodegradeable,Paper,IMG_20241124_163318.jpg,IMG_20241124_163318.xml
Train,Biodegradeable,Paper,IMG20230115104448.jpg,IMG20230115104448.xml
Train,Biodegradeable,Paper,IMG_20241124_163426.jpg,IMG_20241124_163426.xml
Train,Biodegradeable,Paper,IMG_20241124_163301.jpg,IMG_20241124_163301.xml
Train,Biodegradeable,Paper,paper582.jpg,paper582.xml
Train,Biodegradeable,Paper,paper489.jpg,paper489.xml
Train,Biodegradeable,Paper,paper330.jpg,paper330.xml
Train,Biodegradeable,Paper,paper182.jpg,paper182.xml
Train,Biodegradeable,Paper,paper148.jpg,paper148.xml
Train,Biodegradeable,Paper,paper507.jpg,paper507.xml
Train,Biodegradeable,Paper,10_359.jpg,10_359.xml
Train,Biodegradeable,Paper,paper99.jpg,paper99.xml
Train,Biodegradeable,Paper,paper304.jpg,paper304.xml
Train,Biodegradeable,Paper,IMG_20241124_163403.jpg,IMG_20241124_163403.xml
Train,Biodegradeable,Paper,paper369.jpg,paper369.xml
Train,Biodegradeable,Paper,IMG_20241124_163033.jpg,IMG_20241124_163033.xml
Train,Biodegradeable,Paper,paper23.jpg,paper23.xml
Train,Biodegradeable,Paper,paper56.jpg,paper56.xml
Train,Biodegradeable,Paper,paper566.jpg,paper566.xml
Train,Biodegradeable,Paper,paper cup.jpg,paper cup.xml
Train,Biodegradeable,Paper,IMG_20241124_163416.jpg,IMG_20241124_163416.xml
Train,Biodegradeable,Paper,paper29.jpg,paper29.xml
Train,Biodegradeable,Paper,paper65.jpg,paper65.xml
Train,Biodegradeable,Paper,paper289.jpg,paper289.xml
Train,Biodegradeable,Paper,IMG20230115104451.jpg,IMG20230115104451.xml
Train,Biodegradeable,Paper,paper517.jpg,paper517.xml
Train,Biodegradeable,Paper,paper49.jpg,paper49.xml
Train,Biodegradeable,Paper,IMG_20241124_163316.jpg,IMG_20241124_163316.xml
Train,Biodegradeable,Paper,paper400.jpg,paper400.xml
Train,Biodegradeable,Paper,paper46.jpg,paper46.xml
Train,Biodegradeable,Paper,IMG_20241124_163050.jpg,IMG_20241124_163050.xml
Train,Biodegradeable,Paper,IMG20230115104411.jpg,IMG20230115104411.xml
Train,Biodegradeable,Paper,10_362.jpg,10_362.xml
Train,Biodegradeable,Paper,paper156.jpg,paper156.xml
Train,Biodegradeable,Paper,paper334.jpg,paper334.xml
Train,Biodegradeable,Paper,paper173.jpg,paper173.xml
Train,Biodegradeable,Paper,IMG20230115110350.jpg,IMG20230115110350.xml
Train,Biodegradeable,Paper,paper55.jpg,paper55.xml
Train,Biodegradeable,Paper,IMG20230115104227.jpg,IMG20230115104227.xml
Train,Biodegradeable,Paper,IMG_20241124_163339.jpg,IMG_20241124_163339.xml
Train,Biodegradeable,Paper,paper cup 4.jpg,paper cup 4.xml
Train,Biodegradeable,Paper,paper310.jpg,paper310.xml
Train,Biodegradeable,Paper,paper262.jpg,paper262.xml
Train,Biodegradeable,Paper,paper307.jpg,paper307.xml
Train,Biodegradeable,Paper,IMG_20241124_163104.jpg,IMG_20241124_163104.xml
Train,Biodegradeable,Paper,paper107.jpg,paper107.xml
Train,Biodegradeable,Paper,paper288.jpg,paper288.xml
Train,Biodegradeable,Paper,paper68.jpg,paper68.xml
Train,Biodegradeable,Paper,IMG_20241124_163431.jpg,IMG_20241124_163431.xml
Train,Biodegradeable,Paper,IMG20230115104439.jpg,IMG20230115104439.xml
Train,Biodegradeable,Paper,10_360.jpg,10_360.xml
Train,Biodegradeable,Paper,IMG20230115110326.jpg,IMG20230115110326.xml
Train,Biodegradeable,Paper,paper486.jpg,paper486.xml
Train,Biodegradeable,Paper,paper38.jpg,paper38.xml
Train,Biodegradeable,Paper,IMG20230115104457.jpg,IMG20230115104457.xml
Train,Biodegradeable,Paper,IMG_20241124_163201.jpg,IMG_20241124_163201.xml
Train,Biodegradeable,Paper,paper220.jpg,paper220.xml
Train,Biodegradeable,Paper,paper126.jpg,paper126.xml
Train,Biodegradeable,Paper,IMG_20241028_154549.jpg,IMG_20241028_154549.xml
Train,Biodegradeable,Paper,paper70.jpg,paper70.xml
Train,Biodegradeable,Paper,IMG_20241124_163207.jpg,IMG_20241124_163207.xml
Train,Biodegradeable,Paper,paper423.jpg,paper423.xml
Train,Biodegradeable,Paper,paper177.jpg,paper177.xml
Train,Biodegradeable,Paper,IMG_20241028_154544.jpg,IMG_20241028_154544.xml
Train,Biodegradeable,Paper,paper427.jpg,paper427.xml
Train,Biodegradeable,Paper,IMG_20241028_154717.jpg,IMG_20241028_154717.xml
Train,Biodegradeable,Paper,paper239.jpg,paper239.xml
Train,Biodegradeable,Paper,IMG_20241124_163223.jpg,IMG_20241124_163223.xml
Train,Biodegradeable,Paper,paper66.jpg,paper66.xml
Train,Biodegradeable,Paper,paper175.jpg,paper175.xml
Train,Biodegradeable,Paper,IMG_20241124_163008.jpg,IMG_20241124_163008.xml
Train,Biodegradeable,Paper,IMG_20241028_154654.jpg,IMG_20241028_154654.xml
Train,Biodegradeable,Paper,paper425.jpg,paper425.xml
Train,Biodegradeable,Paper,paper577.jpg,paper577.xml
Train,Biodegradeable,Paper,paper91.jpg,paper91.xml
Train,Biodegradeable,Paper,IMG20230115110335.jpg,IMG20230115110335.xml
Train,Biodegradeable,Paper,paper164.jpg,paper164.xml
Train,Biodegradeable,Paper,paper59.jpg,paper59.xml
Train,Biodegradeable,Paper,paper573.jpg,paper573.xml
Train,Biodegradeable,Paper,paper337.jpg,paper337.xml
Train,Biodegradeable,Paper,paper263.jpg,paper263.xml
Train,Biodegradeable,Paper,paper349.jpg,paper349.xml
Train,Biodegradeable,Paper,IMG20230115104449.jpg,IMG20230115104449.xml
Train,Biodegradeable,Paper,IMG_20241028_154559.jpg,IMG_20241028_154559.xml
Train,Biodegradeable,Paper,paper31.jpg,paper31.xml
Train,Biodegradeable,Paper,10_361.jpg,10_361.xml
Train,Biodegradeable,Paper,paper352.jpg,paper352.xml
Train,Biodegradeable,Paper,paper371.jpg,paper371.xml
Train,Biodegradeable,Paper,paper42.jpg,paper42.xml
Train,Biodegradeable,Paper,paper bag.jpg,paper bag.xml
Train,Biodegradeable,Paper,paper198.jpg,paper198.xml
Train,Biodegradeable,Paper,paper516.jpg,paper516.xml
Train,Biodegradeable,Paper,IMG20230115104416.jpg,IMG20230115104416.xml
Train,Biodegradeable,Paper,paper229.jpg,paper229.xml
Train,Biodegradeable,Paper,paper183.jpg,paper183.xml
Train,Biodegradeable,Paper,paper52.jpg,paper52.xml
Train,Biodegradeable,Paper,IMG_20241124_163200.jpg,IMG_20241124_163200.xml
Train,Biodegradeable,Paper,paper529.jpg,paper529.xml
Train,Biodegradeable,Paper,paper96.jpg,paper96.xml
Train,Biodegradeable,Paper,IMG_20241124_163106.jpg,IMG_20241124_163106.xml
Train,Biodegradeable,Paper,paper180.jpg,paper180.xml
Train,Biodegradeable,Paper,IMG_20241124_163303.jpg,IMG_20241124_163303.xml
Train,Biodegradeable,Paper,IMG_20241028_154432.jpg,IMG_20241028_154432.xml
Train,Biodegradeable,Paper,paper578.jpg,paper578.xml
Train,Biodegradeable,Paper,paper205.jpg,paper205.xml
Train,Biodegradeable,Paper,paper246.jpg,paper246.xml
Train,Biodegradeable,Paper,IMG20230115110352.jpg,IMG20230115110352.xml
Train,Biodegradeable,Paper,IMG_20241124_163101.jpg,IMG_20241124_163101.xml
Train,Biodegradeable,Paper,IMG_20241028_154527.jpg,IMG_20241028_154527.xml
Train,Biodegradeable,Paper,paper74.jpg,paper74.xml
Train,Biodegradeable,Paper,paper405.jpg,paper405.xml
Train,Biodegradeable,Paper,IMG_20241124_163256.jpg,IMG_20241124_163256.xml
Train,Biodegradeable,Paper,IMG_20241124_163421.jpg,IMG_20241124_163421.xml
Train,Biodegradeable,Paper,paper72.jpg,paper72.xml
Train,Biodegradeable,Paper,paper64.jpg,paper64.xml
Train,Biodegradeable,Paper,paper93.jpg,paper93.xml
Train,Biodegradeable,Paper,paper419.jpg,paper419.xml
Train,Biodegradeable,Paper,IMG_20241124_163057.jpg,IMG_20241124_163057.xml
Train,Biodegradeable,Paper,paper492.jpg,paper492.xml
Train,Biodegradeable,Paper,IMG20230115104432.jpg,IMG20230115104432.xml
Train,Biodegradeable,Paper,paper60.jpg,paper60.xml
Train,Biodegradeable,Paper,paper25.jpg,paper25.xml
Train,Biodegradeable,Paper,paper272.jpg,paper272.xml
Train,Biodegradeable,Paper,paper276.jpg,paper276.xml
Train,Biodegradeable,Paper,paper321.jpg,paper321.xml
Train,Biodegradeable,Paper,paper1.jpg,paper1.xml
Train,Biodegradeable,Paper,IMG_20241028_154658.jpg,IMG_20241028_154658.xml
Train,Biodegradeable,Paper,paper63.jpg,paper63.xml
Train,Biodegradeable,Paper,IMG20230115110349.jpg,IMG20230115110349.xml
Train,Biodegradeable,Paper,10_363.jpg,10_363.xml
Train,Biodegradeable,Paper,IMG_20241124_163419.jpg,IMG_20241124_163419.xml
Train,Biodegradeable,Paper,paper58.jpg,paper58.xml
Train,Biodegradeable,Paper,paper468.jpg,paper468.xml
Train,Biodegradeable,Paper,IMG20230115110356.jpg,IMG20230115110356.xml
Train,Biodegradeable,Paper,paper172.jpg,paper172.xml
Train,Biodegradeable,Paper,IMG_20241124_163428.jpg,IMG_20241124_163428.xml
Train,Biodegradeable,Paper,IMG_20241124_163401.jpg,IMG_20241124_163401.xml
Train,Biodegradeable,Paper,paper570.jpg,paper570.xml
Train,Biodegradeable,Paper,IMG_20241028_154706.jpg,IMG_20241028_154706.xml
Train,Biodegradeable,Paper,paper232.jpg,paper232.xml
Train,Biodegradeable,Paper,paper296.jpg,paper296.xml
Train,Biodegradeable,Paper,paper162.jpg,paper162.xml
Train,Biodegradeable,Paper,paper134.jpg,paper134.xml
Train,Biodegradeable,Paper,paper279.jpg,paper279.xml
Train,Biodegradeable,Paper,paper cup 3.jpg,paper cup 3.xml
Train,Biodegradeable,Paper,paper218.jpg,paper218.xml
Train,Biodegradeable,Paper,paper454.jpg,paper454.xml
Train,Biodegradeable,Paper,IMG_20241028_154511.jpg,IMG_20241028_154511.xml
Train,Biodegradeable,Paper,IMG_20241124_163019.jpg,IMG_20241124_163019.xml
Train,Biodegradeable,Paper,IMG_20241124_163013.jpg,IMG_20241124_163013.xml
Train,Biodegradeable,Paper,paper61.jpg,paper61.xml
Train,Biodegradeable,Paper,paper248.jpg,paper248.xml
Train,Biodegradeable,Paper,IMG_20241124_163037.jpg,IMG_20241124_163037.xml
Train,Biodegradeable,Paper,IMG_20241124_163156.jpg,IMG_20241124_163156.xml
Train,Biodegradeable,Paper,paper169.jpg,paper169.xml
Train,Biodegradeable,Paper,paper418.jpg,paper418.xml
Train,Biodegradeable,Paper,paper43.jpg,paper43.xml
Train,Biodegradeable,Paper,paper275.jpg,paper275.xml
Train,Biodegradeable,Paper,paper125.jpg,paper125.xml
Train,Biodegradeable,Paper,paper160.jpg,paper160.xml
Train,Biodegradeable,Paper,paper269.jpg,paper269.xml
Train,Biodegradeable,Paper,IMG_20241124_163015.jpg,IMG_20241124_163015.xml
Train,Biodegradeable,Paper,paper555.jpg,paper555.xml
Train,Biodegradeable,Paper,paper bag 3.jpg,paper bag 3.xml
Train,Biodegradeable,Paper,paper426.jpg,paper426.xml
Train,Biodegradeable,Paper,paper368.jpg,paper368.xml
Train,Biodegradeable,Paper,paper89.jpg,paper89.xml
Train,Biodegradeable,Paper,paper388.jpg,paper388.xml
Train,Biodegradeable,Paper,paper165.jpg,paper165.xml
Train,Biodegradeable,Paper,IMG_20241028_154645.jpg,IMG_20241028_154645.xml
Train,Biodegradeable,Paper,paper551.jpg,paper551.xml
Train,Biodegradeable,Paper,IMG_20241124_163212.jpg,IMG_20241124_163212.xml
Train,Biodegradeable,Paper,paper35.jpg,paper35.xml
Train,Biodegradeable,Paper,paper bag 4.jpg,paper bag 4.xml
Train,Biodegradeable,Paper,paper490.jpg,paper490.xml
Train,Biodegradeable,Paper,paper416.jpg,paper416.xml
Train,Biodegradeable,Paper,IMG_20241124_163354.jpg,IMG_20241124_163354.xml
Train,Biodegradeable,Paper,IMG_20241124_163239.jpg,IMG_20241124_163239.xml
Train,Biodegradeable,Paper,IMG20230115104500.jpg,IMG20230115104500.xml
Train,Biodegradeable,Paper,paper532.jpg,paper532.xml
Train,Biodegradeable,Paper,paper303.jpg,paper303.xml
Train,Biodegradeable,Paper,paper370.jpg,paper370.xml
Train,Biodegradeable,Paper,IMG_20241124_163053.jpg,IMG_20241124_163053.xml
Train,Biodegradeable,Paper,IMG_20241124_163022.jpg,IMG_20241124_163022.xml
Train,Biodegradeable,Paper,IMG_20241124_163220.jpg,IMG_20241124_163220.xml
Train,Biodegradeable,Paper,IMG_20241124_163408.jpg,IMG_20241124_163408.xml
Train,Biodegradeable,Paper,IMG_20241124_163409.jpg,IMG_20241124_163409.xml
Validation,Biodegradeable,Paper,paper338.jpg,paper338.xml
Validation,Biodegradeable,Paper,paper170.jpg,paper170.xml
Validation,Biodegradeable,Paper,paper108.jpg,paper108.xml
Validation,Biodegradeable,Paper,IMG_20241028_154443.jpg,IMG_20241028_154443.xml
Validation,Biodegradeable,Paper,paper361.jpg,paper361.xml
Validation,Biodegradeable,Paper,IMG_20241028_154515.jpg,IMG_20241028_154515.xml
Validation,Biodegradeable,Paper,paper430.jpg,paper430.xml
Validation,Biodegradeable,Paper,paper32.jpg,paper32.xml
Validation,Biodegradeable,Paper,IMG_20241124_163357.jpg,IMG_20241124_163357.xml
Validation,Biodegradeable,Paper,IMG_20241124_163031.jpg,IMG_20241124_163031.xml
Validation,Biodegradeable,Paper,paper87.jpg,paper87.xml
Validation,Biodegradeable,Paper,IMG_20241124_163210.jpg,IMG_20241124_163210.xml
Validation,Biodegradeable,Paper,IMG_20241124_162957.jpg,IMG_20241124_162957.xml
Validation,Biodegradeable,Paper,paper197.jpg,paper197.xml
Validation,Biodegradeable,Paper,IMG_20241124_163236.jpg,IMG_20241124_163236.xml
Validation,Biodegradeable,Paper,IMG_20241124_163258.jpg,IMG_20241124_163258.xml
Validation,Biodegradeable,Paper,paper241.jpg,paper241.xml
Validation,Biodegradeable,Paper,IMG20230115104453.jpg,IMG20230115104453.xml
Validation,Biodegradeable,Paper,IMG_20241124_163025.jpg,IMG_20241124_163025.xml
Validation,Biodegradeable,Paper,paper265.jpg,paper265.xml
Validation,Biodegradeable,Paper,paper149.jpg,paper149.xml
Validation,Biodegradeable,Paper,paper18.jpg,paper18.xml
Validation,Biodegradeable,Paper,paper115.jpg,paper115.xml
Validation,Biodegradeable,Paper,IMG20230115110329.jpg,IMG20230115110329.xml
Validation,Biodegradeable,Paper,IMG20230115110332.jpg,IMG20230115110332.xml
Validation,Biodegradeable,Paper,IMG_20241124_163414.jpg,IMG_20241124_163414.xml
Validation,Biodegradeable,Paper,IMG20230115104455.jpg,IMG20230115104455.xml
Validation,Biodegradeable,Paper,IMG_20241124_163010.jpg,IMG_20241124_163010.xml
Validation,Biodegradeable,Paper,IMG_20241124_163028.jpg,IMG_20241124_163028.xml
Validation,Biodegradeable,Paper,IMG_20241124_163310.jpg,IMG_20241124_163310.xml
Validation,Biodegradeable,Paper,paper432.jpg,paper432.xml
Validation,Biodegradeable,Paper,paper313.jpg,paper313.xml
Validation,Biodegradeable,Paper,IMG_20241124_163108.jpg,IMG_20241124_163108.xml
Validation,Biodegradeable,Paper,IMG_20241124_163231.jpg,IMG_20241124_163231.xml
Validation,Biodegradeable,Paper,IMG_20241124_163322.jpg,IMG_20241124_163322.xml
Validation,Biodegradeable,Paper,paper bag 2.jpg,paper bag 2.xml
Validation,Biodegradeable,Paper,paper481.jpg,paper481.xml
Validation,Biodegradeable,Paper,IMG_20241124_163048.jpg,IMG_20241124_163048.xml
Validation,Biodegradeable,Paper,paper109.jpg,paper109.xml
Validation,Biodegradeable,Paper,paper140.jpg,paper140.xml
Validation,Biodegradeable,Paper,paper222.jpg,paper222.xml
Validation,Biodegradeable,Paper,IMG_20241124_163055.jpg,IMG_20241124_163055.xml
Validation,Biodegradeable,Paper,paper258.jpg,paper258.xml
Validation,Biodegradeable,Paper,IMG_20241124_163406.jpg,IMG_20241124_163406.xml
Validation,Biodegradeable,Paper,paper259.jpg,paper259.xml
Validation,Biodegradeable,Paper,paper112.jpg,paper112.xml
Validation,Biodegradeable,Paper,IMG_20241028_154535.jpg,IMG_20241028_154535.xml
Validation,Biodegradeable,Paper,IMG_20241124_163359.jpg,IMG_20241124_163359.xml
Validation,Biodegradeable,Paper,paper358.jpg,paper358.xml
Validation,Biodegradeable,Paper,paper119.jpg,paper119.xml
Validation,Biodegradeable,Paper,paper501.jpg,paper501.xml
Validation,Biodegradeable,Paper,IMG_20241028_154456.jpg,IMG_20241028_154456.xml
Validation,Biodegradeable,Paper,paper428.jpg,paper428.xml
Train,Recyclable,Metal,IMG_20241124_162433.jpg,IMG_20241124_162433.xml
Train,Recyclable,Metal,IMG_20241124_162504.jpg,IMG_20241124_162504.xml
Train,Recyclable,Metal,metal89.jpg,metal89.xml
Train,Recyclable,Metal,IMG_20241124_162615.jpg,IMG_20241124_162615.xml
Train,Recyclable,Metal,IMG_20241124_162417.jpg,IMG_20241124_162417.xml
Train,Recyclable,Metal,metal199.jpg,metal199.xml
Train,Recyclable,Metal,metal374.jpg,metal374.xml
Train,Recyclable,Metal,metal331.jpg,metal331.xml
Train,Recyclable,Metal,AluCan9.jpg,AluCan9.xml
Train,Recyclable,Metal,metal119.jpg,metal119.xml
Train,Recyclable,Metal,metal298.jpg,metal298.xml
Train,Recyclable,Metal,IMG_20241124_162545.jpg,IMG_20241124_162545.xml
Train,Recyclable,Metal,metal116.jpg,metal116.xml
Train,Recyclable,Metal,AluCan70.jpg,AluCan70.xml
Train,Recyclable,Metal,metal225.jpg,metal225.xml
Train,Recyclable,Metal,metal385.jpg,metal385.xml
Train,Recyclable,Metal,metal400.jpg,metal400.xml
Train,Recyclable,Metal,AluCan62.jpg,AluCan62.xml
Train,Recyclable,Metal,metal153.jpg,metal153.xml
Train,Recyclable,Metal,metal8.jpg,metal8.xml
Train,Recyclable,Metal,metal343.jpg,metal343.xml
Train,Recyclable,Metal,metal15.jpg,metal15.xml
Train,Recyclable,Metal,metal205.jpg,metal205.xml
Train,Recyclable,Metal,AluCan72.jpg,AluCan72.xml
Train,Recyclable,Metal,metal164.jpg,metal164.xml
Train,Recyclable,Metal,metal190.jpg,metal190.xml
Train,Recyclable,Metal,metal74.jpg,metal74.xml
Train,Recyclable,Metal,metal309.jpg,metal309.xml
Train,Recyclable,Metal,AluCan23.jpg,AluCan23.xml
Train,Recyclable,Metal,IMG_20241124_162412.jpg,IMG_20241124_162412.xml
Train,Recyclable,Metal,AluCan51.jpg,AluCan51.xml
Train,Recyclable,Metal,metal91.jpg,metal91.xml
Train,Recyclable,Metal,metal168.jpg,metal168.xml
Train,Recyclable,Metal,IMG_20241124_162421.jpg,IMG_20241124_162421.xml
Train,Recyclable,Metal,IMG_20241124_162744.jpg,IMG_20241124_162744.xml
Train,Recyclable,Metal,metal82.jpg,metal82.xml
Train,Recyclable,Metal,IMG_20241124_162613.jpg,IMG_20241124_162613.xml
Train,Recyclable,Metal,metal274.jpg,metal274.xml
Train,Recyclable,Metal,metal346.jpg,metal346.xml
Train,Recyclable,Metal,metal175.jpg,metal175.xml
Train,Recyclable,Metal,metal248.jpg,metal248.xml
Train,Recyclable,Metal,metal115.jpg,metal115.xml
Train,Recyclable,Metal,metal237.jpg,metal237.xml
Train,Recyclable,Metal,metal349.jpg,metal349.xml
Train,Recyclable,Metal,metal399.jpg,metal399.xml
Train,Recyclable,Metal,metal301.jpg,metal301.xml
Train,Recyclable,Metal,metal101.jpg,metal101.xml
Train,Recyclable,Metal,IMG_20241124_162741.jpg,IMG_20241124_162741.xml
Train,Recyclable,Metal,metal25.jpg,metal25.xml
Train,Recyclable,Metal,metal281.jpg,metal281.xml
Train,Recyclable,Metal,metal121.jpg,metal121.xml
Train,Recyclable,Metal,IMG_20241124_162409.jpg,IMG_20241124_162409.xml
Train,Recyclable,Metal,metal355.jpg,metal355.xml
Train,Recyclable,Metal,IMG_20241124_162711.jpg,IMG_20241124_162711.xml
Train,Recyclable,Metal,metal72.jpg,metal72.xml
Train,Recyclable,Metal,IMG_20241124_162617.jpg,IMG_20241124_162617.xml
Train,Recyclable,Metal,metal95.jpg,metal95.xml
Train,Recyclable,Metal,IMG_20241124_162644.jpg,IMG_20241124_162644.xml
Train,Recyclable,Metal,AluCan67.jpg,AluCan67.xml
Train,Recyclable,Metal,metal126.jpg,metal126.xml
Train,Recyclable,Metal,IMG_20241124_162629.jpg,IMG_20241124_162629.xml
Train,Recyclable,Metal,metal197.jpg,metal197.xml
Train,Recyclable,Metal,metal184.jpg,metal184.xml
Train,Recyclable,Metal,metal80.jpg,metal80.xml
Train,Recyclable,Metal,metal358.jpg,metal358.xml
Train,Recyclable,Metal,metal217.jpg,metal217.xml
Train,Recyclable,Metal,IMG_20241124_162558.jpg,IMG_20241124_162558.xml
Train,Recyclable,Metal,metal257.jpg,metal257.xml
Train,Recyclable,Metal,metal201.jpg,metal201.xml
Train,Recyclable,Metal,IMG_20241124_162511.jpg,IMG_20241124_162511.xml
Train,Recyclable,Metal,metal370.jpg,metal370.xml
Train,Recyclable,Metal,metal376.jpg,metal376.xml
Train,Recyclable,Metal,metal169.jpg,metal169.xml
Train,Recyclable,Metal,IMG_20241124_162635.jpg,IMG_20241124_162635.xml
Train,Recyclable,Metal,IMG_20241124_162750.jpg,IMG_20241124_162750.xml
Train,Recyclable,Metal,AluCan65.jpg,AluCan65.xml
Train,Recyclable,Metal,IMG_20241124_162646.jpg,IMG_20241124_162646.xml
Train,Recyclable,Metal,IMG_20241124_162549.jpg,IMG_20241124_162549.xml
Train,Recyclable,Metal,AluCan19.jpg,AluCan19.xml
Train,Recyclable,Metal,IMG_20241124_162734.jpg,IMG_20241124_162734.xml
Train,Recyclable,Metal,metal313.jpg,metal313.xml
Train,Recyclable,Metal,metal262.jpg,metal262.xml
Train,Recyclable,Metal,AluCan3.jpg,AluCan3.xml
Train,Recyclable,Metal,metal282.jpg,metal282.xml
Train,Recyclable,Metal,AluCan68.jpg,AluCan68.xml
Train,Recyclable,Metal,metal254.jpg,metal254.xml
Train,Recyclable,Metal,metal29.jpg,metal29.xml
Train,Recyclable,Metal,metal113.jpg,metal113.xml
Train,Recyclable,Metal,AluCan37.jpg,AluCan37.xml
Train,Recyclable,Metal,metal340.jpg,metal340.xml
Train,Recyclable,Metal,AluCan71.jpg,AluCan71.xml
Train,Recyclable,Metal,metal212.jpg,metal212.xml
Train,Recyclable,Metal,IMG_20241124_162406.jpg,IMG_20241124_162406.xml
Train,Recyclable,Metal,IMG_20241124_162459.jpg,IMG_20241124_162459.xml
Train,Recyclable,Metal,AluCan74.jpg,AluCan74.xml
Train,Recyclable,Metal,metal149.jpg,metal149.xml
Train,Recyclable,Metal,metal40.jpg,metal40.xml
Train,Recyclable,Metal,AluCan69.jpg,AluCan69.xml
Train,Recyclable,Metal,metal112.jpg,metal112.xml
Train,Recyclable,Metal,metal329.jpg,metal329.xml
Train,Recyclable,Metal,metal180.jpg,metal180.xml
Train,Recyclable,Metal,metal173.jpg,metal173.xml
Train,Recyclable,Metal,AluCan73.jpg,AluCan73.xml
Train,Recyclable,Metal,metal156.jpg,metal156.xml
Train,Recyclable,Metal,metal384.jpg,metal384.xml
Train,Recyclable,Metal,metal322.jpg,metal322.xml
Train,Recyclable,Metal,metal200.jpg,metal200.xml
Train,Recyclable,Metal,metal321.jpg,metal321.xml
Train,Recyclable,Metal,metal402.jpg,metal402.xml
Train,Recyclable,Metal,metal273.jpg,metal273.xml
Train,Recyclable,Metal,metal137.jpg,metal137.xml
Train,Recyclable,Metal,metal70.jpg,metal70.xml
Train,Recyclable,Metal,IMG_20241124_162736.jpg,IMG_20241124_162736.xml
Train,Recyclable,Metal,IMG_20241124_162437.jpg,IMG_20241124_162437.xml
Train,Recyclable,Metal,metal140.jpg,metal140.xml
Train,Recyclable,Metal,IMG_20241124_162427.jpg,IMG_20241124_162427.xml
Train,Recyclable,Metal,IMG_20241124_162515.jpg,IMG_20241124_162515.xml
Train,Recyclable,Metal,AluCan50.jpg,AluCan50.xml
Train,Recyclable,Metal,metal193.jpg,metal193.xml
Train,Recyclable,Metal,IMG_20241124_162649.jpg,IMG_20241124_162649.xml
Train,Recyclable,Metal,metal17.jpg,metal17.xml
Train,Recyclable,Metal,AluCan64.jpg,AluCan64.xml
Train,Recyclable,Metal,metal222.jpg,metal222.xml
Train,Recyclable,Metal,metal218.jpg,metal218.xml
Train,Recyclable,Metal,metal165.jpg,metal165.xml
Train,Recyclable,Metal,metal129.jpg,metal129.xml
Train,Recyclable,Metal,IMG_20241124_162637.jpg,IMG_20241124_162637.xml
Train,Recyclable,Metal,IMG_20241124_162556.jpg,IMG_20241124_162556.xml
Train,Recyclable,Metal,IMG_20241124_162619.jpg,IMG_20241124_162619.xml
Train,Recyclable,Metal,metal159.jpg,metal159.xml
Train,Recyclable,Metal,IMG_20241124_162358.jpg,IMG_20241124_162358.xml
Train,Recyclable,Metal,metal114.jpg,metal114.xml
Train,Recyclable,Metal,metal107.jpg,metal107.xml
Train,Recyclable,Metal,metal391.jpg,metal391.xml
Train,Recyclable,Metal,IMG_20241124_162739.jpg,IMG_20241124_162739.xml
Train,Recyclable,Metal,metal30.jpg,metal30.xml
Train,Recyclable,Metal,metal45.jpg,metal45.xml
Train,Recyclable,Metal,IMG_20241124_162632.jpg,IMG_20241124_162632.xml
Train,Recyclable,Metal,metal389.jpg,metal389.xml
Train,Recyclable,Metal,metal258.jpg,metal258.xml
Train,Recyclable,Metal,IMG_20241124_162449.jpg,IMG_20241124_162449.xml
Train,Recyclable,Metal,IMG_20241124_162717.jpg,IMG_20241124_162717.xml
Train,Recyclable,Metal,metal236.jpg,metal236.xml
Train,Recyclable,Metal,IMG_20241124_162415.jpg,IMG_20241124_162415.xml
Train,Recyclable,Metal,AluCan36.jpg,AluCan36.xml
Train,Recyclable,Metal,metal272.jpg,metal272.xml
Train,Recyclable,Metal,metal210.jpg,metal210.xml
Train,Recyclable,Metal,metal167.jpg,metal167.xml
Train,Recyclable,Metal,metal96.jpg,metal96.xml
Train,Recyclable,Metal,metal105.jpg,metal105.xml
Train,Recyclable,Metal,metal75.jpg,metal75.xml
Train,Recyclable,Metal,IMG_20241124_162655.jpg,IMG_20241124_162655.xml
Train,Recyclable,Metal,metal86.jpg,metal86.xml
Train,Recyclable,Metal,metal51.jpg,metal51.xml
Train,Recyclable,Metal,metal87.jpg,metal87.xml
Train,Recyclable,Metal,metal183.jpg,metal183.xml
Train,Recyclable,Metal,IMG_20241124_162720.jpg,IMG_20241124_162720.xml
Train,Recyclable,Metal,metal327.jpg,metal327.xml
Train,Recyclable,Metal,metal62.jpg,metal62.xml
Validation,Recyclable,Metal,metal240.jpg,metal240.xml
Validation,Recyclable,Metal,IMG_20241124_162729.jpg,IMG_20241124_162729.xml
Validation,Recyclable,Metal,IMG_20241124_162537.jpg,IMG_20241124_162537.xml
Validation,Recyclable,Metal,metal239.jpg,metal239.xml
Validation,Recyclable,Metal,metal14.jpg,metal14.xml
Validation,Recyclable,Metal,IMG_20241124_162533.jpg,IMG_20241124_162533.xml
Validation,Recyclable,Metal,IMG_20241124_162451.jpg,IMG_20241124_162451.xml
Validation,Recyclable,Metal,metal83.jpg,metal83.xml
Validation,Recyclable,Metal,IMG_20241124_162714.jpg,IMG_20241124_162714.xml
Validation,Recyclable,Metal,AluCan63.jpg,AluCan63.xml
Validation,Recyclable,Metal,metal103.jpg,metal103.xml
Validation,Recyclable,Metal,IMG_20241124_162656.jpg,IMG_20241124_162656.xml
Validation,Recyclable,Metal,metal94.jpg,metal94.xml
Validation,Recyclable,Metal,metal3.jpg,metal3.xml
Validation,Recyclable,Metal,IMG_20241124_162403.jpg,IMG_20241124_162403.xml
Validation,Recyclable,Metal,IMG_20241124_162652.jpg,IMG_20241124_162652.xml
Validation,Recyclable,Metal,metal303.jpg,metal303.xml
Validation,Recyclable,Metal,IMG_20241124_162626.jpg,IMG_20241124_162626.xml
Validation,Recyclable,Metal,metal170.jpg,metal170.xml
Validation,Recyclable,Metal,metal81.jpg,metal81.xml
Validation,Recyclable,Metal,IMG_20241124_162731.jpg,IMG_20241124_162731.xml
Validation,Recyclable,Metal,metal88.jpg,metal88.xml
Validation,Recyclable,Metal,metal120.jpg,metal120.xml
Validation,Recyclable,Metal,IMG_20241124_162542.jpg,IMG_20241124_162542.xml
Validation,Recyclable,Metal,AluCan48.jpg,AluCan48.xml
Validation,Recyclable,Metal,metal203.jpg,metal203.xml
Validation,Recyclable,Metal,metal305.jpg,metal305.xml
Validation,Recyclable,Metal,metal63.jpg,metal63.xml
Validation,Recyclable,Metal,AluCan75.jpg,AluCan75.xml
Validation,Recyclable,Metal,metal134.jpg,metal134.xml
Validation,Recyclable,Metal,IMG_20241124_162456.jpg,IMG_20241124_162456.xml
Validation,Recyclable,Metal,metal1.jpg,metal1.xml
Validation,Recyclable,Metal,IMG_20241124_162507.jpg,IMG_20241124_162507.xml
Validation,Recyclable,Metal,AluCan66.jpg,AluCan66.xml
Validation,Recyclable,Metal,IMG_20241124_162445.jpg,IMG_20241124_162445.xml
Validation,Recyclable,Metal,IMG_20241124_162623.jpg,IMG_20241124_162623.xml
Validation,Recyclable,Metal,metal410.jpg,metal410.xml
Validation,Recyclable,Metal,metal150.jpg,metal150.xml
Validation,Recyclable,Metal,metal265.jpg,metal265.xml
Validation,Recyclable,Metal,metal127.jpg,metal127.xml
Train,Residual,Plastic,plastic127.jpg,plastic127.xml
Train,Residual,Plastic,IMG_20241124_162244.jpg,IMG_20241124_162244.xml
Train,Residual,Plastic,plastic70.jpg,plastic70.xml
Train,Residual,Plastic,8.jpg,8.xml
Train,Residual,Plastic,22.jpg,22.xml
Train,Residual,Plastic,IMG_20241028_154144.jpg,IMG_20241028_154144.xml
Train,Residual,Plastic,29.jpg,29.xml
Train,Residual,Plastic,IMG_20241028_154408.jpg,IMG_20241028_154408.xml
Train,Residual,Plastic,plastic93.jpg,plastic93.xml
Train,Residual,Plastic,IMG_20241124_161910.jpg,IMG_20241124_161910.xml
Train,Residual,Plastic,plastic301.jpg,plastic301.xml
Train,Residual,Plastic,21.jpg,21.xml
Train,Residual,Plastic,plastic120.jpg,plastic120.xml
Train,Residual,Plastic,33.jpg,33.xml
Train,Residual,Plastic,IMG_20241124_161921.jpg,IMG_20241124_161921.xml
Train,Residual,Plastic,32b5fa20-388f-4a73-bf16-00abeb40cad7.jpg,32b5fa20-388f-4a73-bf16-00abeb40cad7.xml
Train,Residual,Plastic,23.jpg,23.xml
Train,Residual,Plastic,40.jpg,40.xml
Train,Residual,Plastic,IMG_20241124_161836.jpg,IMG_20241124_161836.xml
Train,Residual,Plastic,9.jpg,9.xml
Train,Residual,Plastic,plastic150.jpg,plastic150.xml
Train,Residual,Plastic,plastic439.jpg,plastic439.xml
Train,Residual,Plastic,IMG_20241124_162253.jpg,IMG_20241124_162253.xml
Train,Residual,Plastic,plastic15.jpg,plastic15.xml
Train,Residual,Plastic,plastic258.jpg,plastic258.xml
Train,Residual,Plastic,IMG_20241124_161746.jpg,IMG_20241124_161746.xml
Train,Residual,Plastic,740fe0fc-e0fc-4c7f-8d10-89f38f2b34df.jpg,740fe0fc-e0fc-4c7f-8d10-89f38f2b34df.xml
Train,Residual,Plastic,IMG_20241124_161813.jpg,IMG_20241124_161813.xml
Train,Residual,Plastic,plastic465.jpg,plastic465.xml
Train,Residual,Plastic,plastic90.jpg,plastic90.xml
Train,Residual,Plastic,IMG_20241028_154204.jpg,IMG_20241028_154204.xml
Train,Residual,Plastic,plastic3.jpg,plastic3.xml
Train,Residual,Plastic,plastic266.jpg,plastic266.xml
Train,Residual,Plastic,plastic222.jpg,plastic222.xml
Train,Residual,Plastic,IMG_20241028_154158.jpg,IMG_20241028_154158.xml
Train,Residual,Plastic,IMG_20241124_161956.jpg,IMG_20241124_161956.xml
Train,Residual,Plastic,IMG_20241124_161808.jpg,IMG_20241124_161808.xml
Train,Residual,Plastic,plastic17.jpg,plastic17.xml
Train,Residual,Plastic,14.jpg,14.xml
Train,Residual,Plastic,18.jpg,18.xml
Train,Residual,Plastic,plastic298.jpg,plastic298.xml
Train,Residual,Plastic,plastic275.jpg,plastic275.xml
Train,Residual,Plastic,plastic94.jpg,plastic94.xml
Train,Residual,Plastic,plastic203.jpg,plastic203.xml
Train,Residual,Plastic,IMG_20241124_161936.jpg,IMG_20241124_161936.xml
Train,Residual,Plastic,plastic261.jpg,plastic261.xml
Train,Residual,Plastic,plastic58.jpg,plastic58.xml
Train,Residual,Plastic,IMG_20241028_154218.jpg,IMG_20241028_154218.xml
Train,Residual,Plastic,plastic183.jpg,plastic183.xml
Train,Residual,Plastic,plastic9.jpg,plastic9.xml
Train,Residual,Plastic,5.jpg,5.xml
Train,Residual,Plastic,IMG_20241124_161833.jpg,IMG_20241124_161833.xml
Train,Residual,Plastic,plastic29.jpg,plastic29.xml
Train,Residual,Plastic,plastic84.jpg,plastic84.xml
Train,Residual,Plastic,45f1ab2f-73a0-4538-a862-25d42ee841be.jpg,45f1ab2f-73a0-4538-a862-25d42ee841be.xml
Train,Residual,Plastic,IMG_20241124_161459.jpg,IMG_20241124_161459.xml
Train,Residual,Plastic,IMG_20241124_161951.jpg,IMG_20241124_161951.xml
Train,Residual,Plastic,363805a9-9031-4aa8-a63f-74993d7f4b3b.jpg,363805a9-9031-4aa8-a63f-74993d7f4b3b.xml
Train,Residual,Plastic,35.jpg,35.xml
Train,Residual,Plastic,IMG_20241124_162239.jpg,IMG_20241124_162239.xml
Train,Residual,Plastic,IMG_20241124_162004.jpg,IMG_20241124_162004.xml
Train,Residual,Plastic,plastic177.jpg,plastic177.xml
Train,Residual,Plastic,plastic262.jpg,plastic262.xml
Train,Residual,Plastic,plastic86.jpg,plastic86.xml
Train,Residual,Plastic,37.jpg,37.xml
Train,Residual,Plastic,cde49f06-bcca-4f72-8462-dd6a76f13d0d.jpg,cde49f06-bcca-4f72-8462-dd6a76f13d0d.xml
Train,Residual,Plastic,plastic296.jpg,plastic296.xml
Train,Residual,Plastic,IMG_20241124_161830.jpg,IMG_20241124_161830.xml
Train,Residual,Plastic,IMG_20241124_162231.jpg,IMG_20241124_162231.xml
Train,Residual,Plastic,28.jpg,28.xml
Train,Residual,Plastic,plastic410.jpg,plastic410.xml
Train,Residual,Plastic,IMG_20241028_154330.jpg,IMG_20241028_154330.xml
Train,Residual,Plastic,plastic481.jpg,plastic481.xml
Train,Residual,Plastic,IMG_20241124_161916.jpg,IMG_20241124_161916.xml
Train,Residual,Plastic,plastic255.jpg,plastic255.xml
Train,Residual,Plastic,IMG_20241028_154338.jpg,IMG_20241028_154338.xml
Train,Residual,Plastic,IMG_20241124_161728.jpg,IMG_20241124_161728.xml
Train,Residual,Plastic,IMG_20241124_161943.jpg,IMG_20241124_161943.xml
Train,Residual,Plastic,26.jpg,26.xml
Train,Residual,Plastic,plastic343.jpg,plastic343.xml
Train,Residual,Plastic,IMG_20241124_161907.jpg,IMG_20241124_161907.xml
Train,Residual,Plastic,plastic334.jpg,plastic334.xml
Train,Residual,Plastic,20.jpg,20.xml
Train,Residual,Plastic,plastic50.jpg,plastic50.xml
Train,Residual,Plastic,IMG_20241124_161940.jpg,IMG_20241124_161940.xml
Train,Residual,Plastic,plastic367.jpg,plastic367.xml
Train,Residual,Plastic,IMG_20241124_161504.jpg,IMG_20241124_161504.xml
Train,Residual,Plastic,IMG_20241124_161755.jpg,IMG_20241124_161755.xml
Train,Residual,Plastic,plastic116.jpg,plastic116.xml
Train,Residual,Plastic,31.jpg,31.xml
Train,Residual,Plastic,plastic140.jpg,plastic140.xml
Train,Residual,Plastic,4.jpg,4.xml
Train,Residual,Plastic,IMG_20241124_161839.jpg,IMG_20241124_161839.xml
Train,Residual,Plastic,plastic470.jpg,plastic470.xml
Train,Residual,Plastic,IMG_20241028_154309.jpg,IMG_20241028_154309.xml
Train,Residual,Plastic,plastic288.jpg,plastic288.xml
Train,Residual,Plastic,IMG_20241124_161636.jpg,IMG_20241124_161636.xml
Train,Residual,Plastic,plastic273.jpg,plastic273.xml
Train,Residual,Plastic,plastic307.jpg,plastic307.xml
Train,Residual,Plastic,plastic74.jpg,plastic74.xml
Train,Residual,Plastic,IMG_20241124_161600.jpg,IMG_20241124_161600.xml
Train,Residual,Plastic,plastic389.jpg,plastic389.xml
Train,Residual,Plastic,IMG_20241124_161553.jpg,IMG_20241124_161553.xml
Train,Residual,Plastic,2.jpg,2.xml
Train,Residual,Plastic,plastic225.jpg,plastic225.xml
Train,Residual,Plastic,plastic39.jpg,plastic39.xml
Train,Residual,Plastic,plastic14.jpg,plastic14.xml
Train,Residual,Plastic,plastic107.jpg,plastic107.xml
Train,Residual,Plastic,IMG_20241124_161846.jpg,IMG_20241124_161846.xml
Train,Residual,Plastic,plastic456.jpg,plastic456.xml
Train,Residual,Plastic,plastic238.jpg,plastic238.xml
Train,Residual,Plastic,plastic190.jpg,plastic190.xml
Train,Residual,Plastic,plastic165.jpg,plastic165.xml
Train,Residual,Plastic,IMG_20241124_161822.jpg,IMG_20241124_161822.xml
Train,Residual,Plastic,IMG_20241124_161533.jpg,IMG_20241124_161533.xml
Train,Residual,Plastic,plastic173.jpg,plastic173.xml
Train,Residual,Plastic,plastic272.jpg,plastic272.xml
Train,Residual,Plastic,plastic126.jpg,plastic126.xml
Train,Residual,Plastic,16.jpg,16.xml
Train,Residual,Plastic,plastic380.jpg,plastic380.xml
Train,Residual,Plastic,8767868c-f851-4b2f-a1d1-dc6673a22930.jpg,8767868c-f851-4b2f-a1d1-dc6673a22930.xml
Train,Residual,Plastic,IMG_20241124_161819.jpg,IMG_20241124_161819.xml
Train,Residual,Plastic,plastic51.jpg,plastic51.xml
Train,Residual,Plastic,a023e9c1-f72f-4ba2-bedb-32d2f4a135be.jpg,a023e9c1-f72f-4ba2-bedb-32d2f4a135be.xml
Train,Residual,Plastic,plastic40.jpg,plastic40.xml
Train,Residual,Plastic,IMG_20241124_161959.jpg,IMG_20241124_161959.xml
Train,Residual,Plastic,plastic425.jpg,plastic425.xml
Train,Residual,Plastic,plastic164.jpg,plastic164.xml
Train,Residual,Plastic,IMG_20241124_162234.jpg,IMG_20241124_162234.xml
Train,Residual,Plastic,IMG_20241124_162017.jpg,IMG_20241124_162017.xml
Train,Residual,Plastic,11.jpg,11.xml
Train,Residual,Plastic,plastic449.jpg,plastic449.xml
Train,Residual,Plastic,IMG_20241124_161604.jpg,IMG_20241124_161604.xml
Train,Residual,Plastic,13.jpg,13.xml
Train,Residual,Plastic,plastic406.jpg,plastic406.xml
Train,Residual,Plastic,25.jpg,25.xml
Train,Residual,Plastic,plastic391.jpg,plastic391.xml
Train,Residual,Plastic,plastic119.jpg,plastic119.xml
Train,Residual,Plastic,plastic357.jpg,plastic357.xml
Train,Residual,Plastic,6b33cf6d-b313-457f-9b8e-e61d616d7035.jpg,6b33cf6d-b313-457f-9b8e-e61d616d7035.xml
Train,Residual,Plastic,4da241b4-9e7d-49e4-a75b-c44f4f4fd6cf.jpg,4da241b4-9e7d-49e4-a75b-c44f4f4fd6cf.xml
Train,Residual,Plastic,plastic440.jpg,plastic440.xml
Train,Residual,Plastic,plastic364.jpg,plastic364.xml
Train,Residual,Plastic,IMG_20241124_162308.jpg,IMG_20241124_162308.xml
Train,Residual,Plastic,plastic66.jpg,plastic66.xml
Train,Residual,Plastic,plastic212.jpg,plastic212.xml
Train,Residual,Plastic,IMG_20241028_154212.jpg,IMG_20241028_154212.xml
Train,Residual,Plastic,plastic160.jpg,plastic160.xml
Train,Residual,Plastic,IMG_20241124_161632.jpg,IMG_20241124_161632.xml
Train,Residual,Plastic,10.jpg,10.xml
Train,Residual,Plastic,plastic455.jpg,plastic455.xml
Train,Residual,Plastic,plastic257.jpg,plastic257.xml
Train,Residual,Plastic,plastic91.jpg,plastic91.xml
Train,Residual,Plastic,plastic4.jpg,plastic4.xml
Train,Residual,Plastic,plastic8.jpg,plastic8.xml
Train,Residual,Plastic,plastic482.jpg,plastic482.xml
Train,Residual,Plastic,11ace508-eacd-4274-9c62-5221765fc3d2.jpg,11ace508-eacd-4274-9c62-5221765fc3d2.xml
Train,Residual,Plastic,plastic454.jpg,plastic454.xml
Train,Residual,Plastic,plastic169.jpg,plastic169.xml
Train,Residual,Plastic,plastic313.jpg,plastic313.xml
Train,Residual,Plastic,IMG_20241124_162246.jpg,IMG_20241124_162246.xml
Train,Residual,Plastic,IMG_20241124_162305.jpg,IMG_20241124_162305.xml
Train,Residual,Plastic,6648c296-45ac-4373-8b2a-113dbaabe684.jpg,6648c296-45ac-4373-8b2a-113dbaabe684.xml
Train,Residual,Plastic,36.jpg,36.xml
Train,Residual,Plastic,17.jpg,17.xml
Train,Residual,Plastic,IMG_20241028_154153.jpg,IMG_20241028_154153.xml
Train,Residual,Plastic,plastic218.jpg,plastic218.xml
Train,Residual,Plastic,plastic95.jpg,plastic95.xml
Train,Residual,Plastic,30.jpg,30.xml
Train,Residual,Plastic,plastic103.jpg,plastic103.xml
Train,Residual,Plastic,IMG_20241124_161609.jpg,IMG_20241124_161609.xml
Train,Residual,Plastic,plastic134.jpg,plastic134.xml
Train,Residual,Plastic,plastic452.jpg,plastic452.xml
Train,Residual,Plastic,plastic137.jpg,plastic137.xml
Train,Residual,Plastic,IMG_20241124_161827.jpg,IMG_20241124_161827.xml
Train,Residual,Plastic,plastic12.jpg,plastic12.xml
Train,Residual,Plastic,plastic445.jpg,plastic445.xml
Train,Residual,Plastic,IMG_20241124_161842.jpg,IMG_20241124_161842.xml
Train,Residual,Plastic,IMG_20241124_161737.jpg,IMG_20241124_161737.xml
Train,Residual,Plastic,plastic204.jpg,plastic204.xml
Train,Residual,Plastic,plastic376.jpg,plastic376.xml
Train,Residual,Plastic,plastic453.jpg,plastic453.xml
Train,Residual,Plastic,plastic423.jpg,plastic423.xml
Train,Residual,Plastic,plastic469.jpg,plastic469.xml
Train,Residual,Plastic,IMG_20241124_161742.jpg,IMG_20241124_161742.xml
Train,Residual,Plastic,plastic69.jpg,plastic69.xml
Train,Residual,Plastic,24.jpg,24.xml
Train,Residual,Plastic,plastic80.jpg,plastic80.xml
Train,Residual,Plastic,plastic170.jpg,plastic170.xml
Train,Residual,Plastic,plastic38.jpg,plastic38.xml
Train,Residual,Plastic,plastic321.jpg,plastic321.xml
Train,Residual,Plastic,IMG_20241028_154322.jpg,IMG_20241028_154322.xml
Train,Residual,Plastic,27.jpg,27.xml
Train,Residual,Plastic,plastic184.jpg,plastic184.xml
Train,Residual,Plastic,plastic168.jpg,plastic168.xml
Train,Residual,Plastic,plastic401.jpg,plastic401.xml
Train,Residual,Plastic,plastic340.jpg,plastic340.xml
Train,Residual,Plastic,15.jpg,15.xml
Train,Residual,Plastic,IMG_20241124_161645.jpg,IMG_20241124_161645.xml
Train,Residual,Plastic,plastic121.jpg,plastic121.xml
Train,Residual,Plastic,plastic1.jpg,plastic1.xml
Train,Residual,Plastic,IMG_20241124_161641.jpg,IMG_20241124_161641.xml
Train,Residual,Plastic,plastic476.jpg,plastic476.xml
Train,Residual,Plastic,plastic324.jpg,plastic324.xml
Train,Residual,Plastic,1f3024fe-487a-4193-9e39-ac7610c98e6c.jpg,1f3024fe-487a-4193-9e39-ac7610c98e6c.xml
Train,Residual,Plastic,39.jpg,39.xml
Train,Residual,Plastic,plastic385.jpg,plastic385.xml
Train,Residual,Plastic,IMG_20241028_154413.jpg,IMG_20241028_154413.xml
Train,Residual,Plastic,IMG_20241124_161825.jpg,IMG_20241124_161825.xml
Train,Residual,Plastic,1.jpg,1.xml
Train,Residual,Plastic,plastic352.jpg,plastic352.xml
Train,Residual,Plastic,plastic65.jpg,plastic65.xml
Train,Residual,Plastic,plastic193.jpg,plastic193.xml
Train,Residual,Plastic,plastic48.jpg,plastic48.xml
Train,Residual,Plastic,IMG_20241124_161913.jpg,IMG_20241124_161913.xml
Train,Residual,Plastic,plastic237.jpg,plastic237.xml
Train,Residual,Plastic,IMG_20241028_154139.jpg,IMG_20241028_154139.xml
Validation,Residual,Plastic,0791212d-d422-42f2-8268-406e357d0735.jpg,0791212d-d422-42f2-8268-406e357d0735.xml
Validation,Residual,Plastic,IMG_20241124_161947.jpg,IMG_20241124_161947.xml
Validation,Residual,Plastic,IMG_20241124_161437.jpg,IMG_20241124_161437.xml
Validation,Residual,Plastic,plastic392.jpg,plastic392.xml
Validation,Residual,Plastic,plastic436.jpg,plastic436.xml
Validation,Residual,Plastic,6.jpg,6.xml
Validation,Residual,Plastic,plastic180.jpg,plastic180.xml
Validation,Residual,Plastic,plastic458.jpg,plastic458.xml
Validation,Residual,Plastic,plastic323.jpg,plastic323.xml
Validation,Residual,Plastic,plastic344.jpg,plastic344.xml
Validation,Residual,Plastic,plastic167.jpg,plastic167.xml
Validation,Residual,Plastic,IMG_20241124_161517.jpg,IMG_20241124_161517.xml
Validation,Residual,Plastic,IMG_20241124_162225.jpg,IMG_20241124_162225.xml
Validation,Residual,Plastic,plastic463.jpg,plastic463.xml
Validation,Residual,Plastic,plastic474.jpg,plastic474.xml
Validation,Residual,Plastic,IMG_20241028_154349.jpg,IMG_20241028_154349.xml
Validation,Residual,Plastic,plastic232.jpg,plastic232.xml
Validation,Residual,Plastic,plastic339.jpg,plastic339.xml
Validation,Residual,Plastic,plastic32.jpg,plastic32.xml
Validation,Residual,Plastic,plastic175.jpg,plastic175.xml
Validation,Residual,Plastic,IMG_20241124_162237.jpg,IMG_20241124_162237.xml
Validation,Residual,Plastic,7.jpg,7.xml
Validation,Residual,Plastic,plastic200.jpg,plastic200.xml
Validation,Residual,Plastic,32.jpg,32.xml
Validation,Residual,Plastic,plastic129.jpg,plastic129.xml
Validation,Residual,Plastic,plastic303.jpg,plastic303.xml
Validation,Residual,Plastic,0c18a7e7-8105-4d06-ae8c-b355e7e3ac22.jpg,0c18a7e7-8105-4d06-ae8c-b355e7e3ac22.xml
Validation,Residual,Plastic,plastic390.jpg,plastic390.xml
Validation,Residual,Plastic,38.jpg,38.xml
Validation,Residual,Plastic,plastic443.jpg,plastic443.xml
Validation,Residual,Plastic,IMG_20241124_162228.jpg,IMG_20241124_162228.xml
Validation,Residual,Plastic,IMG_20241124_161801.jpg,IMG_20241124_161801.xml
Validation,Residual,Plastic,IMG_20241124_161751.jpg,IMG_20241124_161751.xml
Validation,Residual,Plastic,87cad966-0f27-429d-951a-cb0b0fe1cdc5.jpg,87cad966-0f27-429d-951a-cb0b0fe1cdc5.xml
Validation,Residual,Plastic,plastic109.jpg,plastic109.xml
Validation,Residual,Plastic,IMG_20241124_161507.jpg,IMG_20241124_161507.xml
Validation,Residual,Plastic,plastic480.jpg,plastic480.xml
Validation,Residual,Plastic,10c0c3d6-0065-4337-8963-3e6825abeb4e.jpg,10c0c3d6-0065-4337-8963-3e6825abeb4e.xml
Validation,Residual,Plastic,plastic217.jpg,plastic217.xml
Validation,Residual,Plastic,19.jpg,19.xml
Validation,Residual,Plastic,34.jpg,34.xml
Validation,Residual,Plastic,plastic460.jpg,plastic460.xml
Validation,Residual,Plastic,96f37b93-d730-4bb2-b760-4b9e8edcdd35.jpg,96f37b93-d730-4bb2-b760-4b9e8edcdd35.xml
Validation,Residual,Plastic,IMG_20241124_161733.jpg,IMG_20241124_161733.xml
Validation,Residual,Plastic,IMG_20241124_161932.jpg,IMG_20241124_161932.xml
Validation,Residual,Plastic,3.jpg,3.xml
Validation,Residual,Plastic,IMG_20241028_154403.jpg,IMG_20241028_154403.xml
Validation,Residual,Plastic,IMG_20241124_162023.jpg,IMG_20241124_162023.xml
Validation,Residual,Plastic,IMG_20241124_161904.jpg,IMG_20241124_161904.xml
Validation,Residual,Plastic,IMG_20241028_154356.jpg,IMG_20241028_154356.xml
Validation,Residual,Plastic,plastic457.jpg,plastic457.xml
Validation,Residual,Plastic,plastic437.jpg,plastic437.xml
Validation,Residual,Plastic,12.jpg,12.xml
Validation,Residual,Plastic,plastic79.jpg,plastic79.xml
Validation,Residual,Plastic,IMG_20241124_162020.jpg,IMG_20241124_162020.xml
